Brand,Product,Price,Description,Url
AMD,"
 Ryzen 5 3600, AM4, 3.6 GHz, 6-core
","214,90 
                                        ","3. sukupolven 7nm Ryzen on täällä!  
                                        ",https://jimms.fi/fi/Product/Show/152213/100-100000031box/amd-ryzen-5-3600-am4-3_6-ghz-6-core
AMD,"
 Ryzen 7 3700X, AM4, 3.6GHz, 8-core
","349,00 
                                        ","3. sukupolven 7nm Ryzen on täällä!  
                                        ",https://jimms.fi/fi/Product/Show/152215/100-100000071box/amd-ryzen-7-3700x-am4-3_6ghz-8-core
Intel,"
 Core i7-10700K, LGA1200, 3.80 GHz, 16MB, Boxed
","409,90 
                                        ",,https://jimms.fi/fi/Product/Show/161265/bx8070110700k/intel-core-i7-10700k-lga1200-3_80-ghz-16mb-boxed
Intel,"
 Coffee Lake Core i5-9600K, LGA1151, 3.70 GHz, boxed
","229,90 
                                        ",,https://jimms.fi/fi/Product/Show/144781/bx80684i59600k/intel-coffee-lake-core-i5-9600k-lga1151-3_70-ghz-boxed
Intel,"
 Core i5-10600K, LGA1200, 4.10 GHz, 12MB, Boxed
","289,90 
                                        ",,https://jimms.fi/fi/Product/Show/161261/bx8070110600k/intel-core-i5-10600k-lga1200-4_10-ghz-12mb-boxed
Intel,"
 Core i9-10900K - Marvel's Avengers Collector's Edition, LGA1200, 3.70 GHz, 20MB, Boxed
","569,90 
                                        ",,https://jimms.fi/fi/Product/Show/164143/bx8070110900ka/intel-core-i9-10900k-marvel-s-avengers-collector-s-edition-lga1200-3_70-ghz-20mb-boxed
AMD,"
 Ryzen 9 3900XT, AM4, 3.8GHz, 12-core
","509,00 
                                        ","3. sukupolven 7nm Ryzen on täällä!  
                                        ",https://jimms.fi/fi/Product/Show/163119/100-100000277wof/amd-ryzen-9-3900xt-am4-3_8ghz-12-core
AMD,"
 Ryzen 5 2600, AM4, 3.4 GHz, 6-core
","149,00 
                                        ","2. sukupolven Ryzen on täällä!  
                                        ",https://jimms.fi/fi/Product/Show/139591/yd2600bbafbox/amd-ryzen-5-2600-am4-3_4-ghz-6-core
Intel,"
 Coffee Lake Core i7-9700K, LGA1151, 3.60 GHz, boxed
","369,90 
                                        ",,https://jimms.fi/fi/Product/Show/144789/bx80684i79700k/intel-coffee-lake-core-i7-9700k-lga1151-3_60-ghz-boxed
AMD,"
 Ryzen 3 3100, AM4, 3.6 GHz, 4-core
","114,90 
                                        ","3. sukupolven 7nm Ryzen on täällä!  
                                        ",https://jimms.fi/fi/Product/Show/161889/100-100000284box/amd-ryzen-3-3100-am4-3_6-ghz-4-core
Intel,"
 Coffee Lake Core i9-9900K, LGA1151, 3.60 GHz, boxed
","459,90 
                                        ",,https://jimms.fi/fi/Product/Show/144790/bx80684i99900k/intel-coffee-lake-core-i9-9900k-lga1151-3_60-ghz-boxed
AMD,"
 Ryzen 9 3900X, AM4, 3.8GHz, 12-core
","499,00 
                                        ","3. sukupolven 7nm Ryzen on täällä!  
                                        ",https://jimms.fi/fi/Product/Show/152218/100-100000023box/amd-ryzen-9-3900x-am4-3_8ghz-12-core
AMD,"
 Ryzen 7 2700X, AM4, 3.7 GHz, 8-core
","199,00 
                                        ","2. sukupolven Ryzen on täällä!  
                                        ",https://jimms.fi/fi/Product/Show/139588/yd270xbgafbox/amd-ryzen-7-2700x-am4-3_7-ghz-8-core
AMD,"
 Ryzen 5 3600XT, AM4, 3.8 GHz, 6-core
","269,00 
                                        ","3. sukupolven 7nm Ryzen on täällä!  
                                        ",https://jimms.fi/fi/Product/Show/163117/100-100000281box/amd-ryzen-5-3600xt-am4-3_8-ghz-6-core
AMD,"
 Ryzen 5 3400G, AM4, 3.7GHz, 4-Core, Boxed
","159,00 
                                        ",,https://jimms.fi/fi/Product/Show/152211/yd3400c5fhbox/amd-ryzen-5-3400g-am4-3_7ghz-4-core-boxed
Intel,"
 Core i9-10900K, LGA1200, 3.70 GHz, 20MB, Boxed
","569,90 
                                        ",,https://jimms.fi/fi/Product/Show/161269/bx8070110900k/intel-core-i9-10900k-lga1200-3_70-ghz-20mb-boxed
AMD,"
 Ryzen 5 3600X, AM4, 3.8 GHz, 6-core
","239,00 
                                        ","3. sukupolven 7nm Ryzen on täällä!  
                                        ",https://jimms.fi/fi/Product/Show/152214/100-100000022box/amd-ryzen-5-3600x-am4-3_8-ghz-6-core
AMD,"
 Ryzen 9 3950X, AM4, 3.5GHz, 16-core
","849,00 
                                        ","3. sukupolven 7nm Ryzen on täällä!  
                                        ",https://jimms.fi/fi/Product/Show/156265/100-100000051wof/amd-ryzen-9-3950x-am4-3_5ghz-16-core
Intel,"
 Core i7-10700KF, LGA1200, 3.80 GHz, 16MB, Boxed
","394,90 
                                        ",,https://jimms.fi/fi/Product/Show/161266/bx8070110700kf/intel-core-i7-10700kf-lga1200-3_80-ghz-16mb-boxed
AMD,"
 Ryzen 3 3200G, AM4, 3.6GHz, 4-Core, Boxed
","99,00 
                                        ",,https://jimms.fi/fi/Product/Show/152209/yd3200c5fhbox/amd-ryzen-3-3200g-am4-3_6ghz-4-core-boxed
Intel,"
 Core i5-10400F, LGA1200, 2.90 GHz, 12MB, Boxed
","174,90 
                                        ",,https://jimms.fi/fi/Product/Show/161257/bx8070110400f/intel-core-i5-10400f-lga1200-2_90-ghz-12mb-boxed
Intel,"
 Core i9-10850K, LGA1200, 3.60 GHz, 20MB, Boxed
","499,90 
                                        ",,https://jimms.fi/fi/Product/Show/163979/bx8070110850k/intel-core-i9-10850k-lga1200-3_60-ghz-20mb-boxed
Intel,"
 Core i9-10900KF, LGA1200, 3.70 GHz, 20MB, Boxed
","514,90 
                                        ",,https://jimms.fi/fi/Product/Show/161270/bx8070110900kf/intel-core-i9-10900kf-lga1200-3_70-ghz-20mb-boxed
AMD,"
 Ryzen 3 3300X, AM4, 3.8 GHz, 4-core
","139,00 
                                        ","3. sukupolven 7nm Ryzen on täällä!  
                                        ",https://jimms.fi/fi/Product/Show/161888/100-100000159box/amd-ryzen-3-3300x-am4-3_8-ghz-4-core
Intel,"
 Coffee Lake Core i5-9400F, LGA1151, 2.90 GHz, Boxed
","149,00 
                                        ","HUOM! F-sarjan Core -prosessorit eivät sisällä integroitua näytönohjainta!  
                                        ",https://jimms.fi/fi/Product/Show/148528/bx80684i59400f/intel-coffee-lake-core-i5-9400f-lga1151-2_90-ghz-boxed
AMD,"
 Ryzen 7 3800XT, AM4, 3.9GHz, 8-core
","409,00 
                                        ","3. sukupolven 7nm Ryzen on täällä!  
                                        ",https://jimms.fi/fi/Product/Show/163118/100-100000279wof/amd-ryzen-7-3800xt-am4-3_9ghz-8-core
AMD,"
 Ryzen 7 3800X, AM4, 3.9GHz, 8-core
","399,00 
                                        ","3. sukupolven 7nm Ryzen on täällä!  
                                        ",https://jimms.fi/fi/Product/Show/152217/100-100000025box/amd-ryzen-7-3800x-am4-3_9ghz-8-core
Intel,"
 Core i5-10600K - Marvel's Avengers Collector's Edition, LGA1200, 4.10 GHz, 12MB, Boxed
","289,90 
                                        ",,https://jimms.fi/fi/Product/Show/164140/bx8070110600ka/intel-core-i5-10600k-marvel-s-avengers-collector-s-edition-lga1200-4_10-ghz-12mb-boxed
AMD,"
 Ryzen Threadripper 3990X, sTRX4, 2.9GHz, 292MB, 64-core
","4 399,00 
                                        ","Äärimmäistä tehoa!  
                                        ",https://jimms.fi/fi/Product/Show/158301/100-100000163wof/amd-ryzen-threadripper-3990x-strx4-2_9ghz-292mb-64-core
Intel,"
 Coffee Lake Core i5-9600KF, LGA1151, 3.70 GHz, Boxed
","210,00 
                                        ","HUOM! F-sarjan Core -prosessorit eivät sisällä integroitua näytönohjainta!  
                                        ",https://jimms.fi/fi/Product/Show/148530/bx80684i59600kf/intel-coffee-lake-core-i5-9600kf-lga1151-3_70-ghz-boxed
Intel,"
 Core i7-10700K - Marvel's Avengers Collector's Edition, LGA1200, 3.80 GHz, 16MB, Boxed
","419,90 
                                        ",,https://jimms.fi/fi/Product/Show/164141/bx8070110700ka/intel-core-i7-10700k-marvel-s-avengers-collector-s-edition-lga1200-3_80-ghz-16mb-boxed
Intel,"
 Core i3-10100, LGA1200, 3.60 GHz, 6MB, Boxed
","122,00 
                                        ",,https://jimms.fi/fi/Product/Show/161252/bx8070110100/intel-core-i3-10100-lga1200-3_60-ghz-6mb-boxed
Intel,"
 Core i5-10600KF, LGA1200, 4.10 GHz, 12MB, Boxed
","263,00 
                                        ",,https://jimms.fi/fi/Product/Show/161262/bx8070110600kf/intel-core-i5-10600kf-lga1200-4_10-ghz-12mb-boxed
Intel,"
 Core i5-10400, LGA1200, 2.90 GHz, 12MB, Boxed
","195,00 
                                        ",,https://jimms.fi/fi/Product/Show/161255/bx8070110400/intel-core-i5-10400-lga1200-2_90-ghz-12mb-boxed
AMD,"
 Ryzen Threadripper 3960X, sTRX4, 3.8GHz, 142,5MB, 24-core
","1 549,00 
                                        ","Äärimmäistä tehoa!  
                                        ",https://jimms.fi/fi/Product/Show/156268/100-100000010wof/amd-ryzen-threadripper-3960x-strx4-3_8ghz-142_5mb-24-core
AMD,"
 Ryzen 9 5900X, AM4, 3.7 GHz, 12-Core, Boxed
","579,00 
                                        ","Odotetut Zen3 -prosessorit ovat täällä!  
                                        ",https://jimms.fi/fi/Product/Show/166061/100-100000061wof/amd-ryzen-9-5900x-am4-3_7-ghz-12-core-boxed
AMD,"
 Ryzen 7 5800X, AM4, 3.8 GHz, 8-Core, Boxed
","479,00 
                                        ","Odotetut Zen3 -prosessorit ovat täällä!  
                                        ",https://jimms.fi/fi/Product/Show/166059/100-100000063wof/amd-ryzen-7-5800x-am4-3_8-ghz-8-core-boxed
Intel,"
 Celeron G4930, LGA1151, 3.20 GHz, 2MB, Boxed
","37,00 
                                        ",,https://jimms.fi/fi/Product/Show/154631/bx80684g4930/intel-celeron-g4930-lga1151-3_20-ghz-2mb-boxed
Intel,"
 Core i7-10700F, LGA1200, 2.90 GHz, 16MB, Boxed
","336,00 
                                        ",,https://jimms.fi/fi/Product/Show/161264/bx8070110700f/intel-core-i7-10700f-lga1200-2_90-ghz-16mb-boxed
Intel,"
 Coffee Lake i7-8700K, LGA1151, 3.7 GHz, 12MB, Boxed
","405,00 
                                        ",,https://jimms.fi/fi/Product/Show/134060/bx80684i78700k/intel-coffee-lake-i7-8700k-lga1151-3_7-ghz-12mb-boxed
AMD,"
 Athlon 3000G, AM4, 3.5GHz, Dual-Core, Boxed
","59,00 
                                        ",,https://jimms.fi/fi/Product/Show/156273/yd3000c6fhbox/amd-athlon-3000g-am4-3_5ghz-dual-core-boxed
AMD,"
 Ryzen 5 5600X, AM4, 3.7 GHz, 6-Core, Boxed
","319,00 
                                        ","Odotetut Zen3 -prosessorit ovat täällä!  
                                        ",https://jimms.fi/fi/Product/Show/166056/100-100000065box/amd-ryzen-5-5600x-am4-3_7-ghz-6-core-boxed
Intel,"
 Kaby Lake Pentium G4560, LGA1151, 3.5GHz, 3MB, Boxed
","60,00 
                                        ",,https://jimms.fi/fi/Product/Show/126574/bx80677g4560/intel-kaby-lake-pentium-g4560-lga1151-3_5ghz-3mb-boxed
Intel,"
 Xeon Platinum 8180, LGA3647, 2.50 GHz, 38.5 MB, Boxed
","11 068,00 
                                        ",,https://jimms.fi/fi/Product/Show/154665/bx806738180/intel-xeon-platinum-8180-lga3647-2_50-ghz-38_5-mb-boxed
Intel,"
 Core i5-9400F, LGA1151, 2.90 GHz, 9MB, Tray
","144,00 
                                        ","HUOM! F-sarjan Core -prosessorit eivät sisällä integroitua näytönohjainta!  
                                        ",https://jimms.fi/fi/Product/Show/155211/cm8068403358819/intel-core-i5-9400f-lga1151-2_90-ghz-9mb-tray
Intel,"
 Coffee Lake Core i9-9900KF, LGA1151, 3.60 GHz, Boxed
","418,00 
                                        ","HUOM! F-sarjan Core -prosessorit eivät sisällä integroitua näytönohjainta!  
                                        ",https://jimms.fi/fi/Product/Show/148532/bx80684i99900kf/intel-coffee-lake-core-i9-9900kf-lga1151-3_60-ghz-boxed
Intel,"
 Pentium Gold G6400, LGA1200, 4.00 GHz, 4MB, Boxed
","61,00 
                                        ",,https://jimms.fi/fi/Product/Show/161249/bx80701g6400/intel-pentium-gold-g6400-lga1200-4_00-ghz-4mb-boxed
Intel,"
 Core i7-7700, LGA1151, 3.6GHz, 8MB, Tray
","331,00 
                                        ",,https://jimms.fi/fi/Product/Show/130139/cm8067702868314/intel-core-i7-7700-lga1151-3_6ghz-8mb-tray
Intel,"
 Cascade Lake X - Core i9-10900X, LGA2066, 3.70 GHz, 19.25MB, Boxed
","656,00 
                                        ",,https://jimms.fi/fi/Product/Show/156838/bx8069510900x/intel-cascade-lake-x-core-i9-10900x-lga2066-3_70-ghz-19_25mb-boxed
AMD,"
 Ryzen 9 5950X, AM4, 3.4 GHz, 16-Core, Boxed
","849,00 
                                        ","Odotetut Zen3 -prosessorit ovat täällä!  
                                        ",https://jimms.fi/fi/Product/Show/166062/100-100000059wof/amd-ryzen-9-5950x-am4-3_4-ghz-16-core-boxed
Intel,"
 Coffee Lake Core i5-9400, LGA1151, 2.90 GHz, Boxed
","185,00 
                                        ",,https://jimms.fi/fi/Product/Show/148529/bx80684i59400/intel-coffee-lake-core-i5-9400-lga1151-2_90-ghz-boxed
Intel,"
 Core i9-9900, LGA1151, 3.1GHz, 16MB, Boxed
","407,00 
                                        ",,https://jimms.fi/fi/Product/Show/151347/bx80684i99900/intel-core-i9-9900-lga1151-3_1ghz-16mb-boxed
Intel,"
 Core i3-9100, LGA1151, 3.6GHz, 6MB, Boxed
","113,00 
                                        ",,https://jimms.fi/fi/Product/Show/151321/bx80684i39100/intel-core-i3-9100-lga1151-3_6ghz-6mb-boxed
Intel,"
 Core i5-10600, LGA1200, 3.30 GHz, 12MB, Boxed
","247,00 
                                        ",,https://jimms.fi/fi/Product/Show/161260/bx8070110600/intel-core-i5-10600-lga1200-3_30-ghz-12mb-boxed
Intel,"
 Coffee Lake i5-8400, LGA1151, 2.8 GHz, 9MB, Boxed
","204,00 
                                        ",,https://jimms.fi/fi/Product/Show/134056/bx80684i58400/intel-coffee-lake-i5-8400-lga1151-2_8-ghz-9mb-boxed
Intel,"
 Coffee Lake i7-8700, LGA1151, 3.2 GHz, 12MB, Boxed
","344,00 
                                        ",,https://jimms.fi/fi/Product/Show/134059/bx80684i78700/intel-coffee-lake-i7-8700-lga1151-3_2-ghz-12mb-boxed
Intel,"
 Coffee Lake Pentium Gold G5400, LGA1151, 3.7GHz, 4MB, Boxed
","60,00 
                                        ",,https://jimms.fi/fi/Product/Show/140495/bx80684g5400/intel-coffee-lake-pentium-gold-g5400-lga1151-3_7ghz-4mb-boxed
Intel,"
 Core i7-9700, LGA1151, 3GHz, 12MB, Boxed
","314,00 
                                        ",,https://jimms.fi/fi/Product/Show/151343/bx80684i79700/intel-core-i7-9700-lga1151-3ghz-12mb-boxed
Intel,"
 Kaby Lake i5-7500, LGA1151, 3.4GHz, 6MB, Boxed
","225,00 
                                        ",,https://jimms.fi/fi/Product/Show/126320/bx80677i57500/intel-kaby-lake-i5-7500-lga1151-3_4ghz-6mb-boxed
Intel,"
 Xeon E-2174G, LGA1151, 3.8GHz, 8MB, Boxed (Poistotuote!)
","299,90 
                                        ",,https://jimms.fi/fi/Product/Show/150183/bx80684e2174g/intel-xeon-e-2174g-lga1151-3_8ghz-8mb-boxed-poistotuote
Intel,"
 Core i3-9100F, LGA1151, 3.6GHz, 6MB, Tray
","79,00 
                                        ",,https://jimms.fi/fi/Product/Show/151325/cm8068403377321/intel-core-i3-9100f-lga1151-3_6ghz-6mb-tray
Intel,"
 Core i9-10900F, LGA1200, 2.80 GHz, 20MB, Boxed
","468,00 
                                        ",,https://jimms.fi/fi/Product/Show/161268/bx8070110900f/intel-core-i9-10900f-lga1200-2_80-ghz-20mb-boxed
Intel,"
 Pentium Gold G5420, LGA1151, 3.80 GHz, 4MB, Boxed
","62,00 
                                        ",,https://jimms.fi/fi/Product/Show/154629/bx80684g5420/intel-pentium-gold-g5420-lga1151-3_80-ghz-4mb-boxed
Intel,"
 Coffee Lake Core i7-9700KF, LGA1151, 3.60 GHz, Boxed
","352,00 
                                        ","HUOM! F-sarjan Core -prosessorit eivät sisällä integroitua näytönohjainta!  
                                        ",https://jimms.fi/fi/Product/Show/148531/bx80684i79700kf/intel-coffee-lake-core-i7-9700kf-lga1151-3_60-ghz-boxed
Intel,"
 Coffee Lake i3-8100, LGA1151, 3.6 GHz, 6MB, Boxed
","130,00 
                                        ",,https://jimms.fi/fi/Product/Show/134054/bx80684i38100/intel-coffee-lake-i3-8100-lga1151-3_6-ghz-6mb-boxed
Intel,"
 Core i3-9100, LGA1151, 3.6GHz, 6MB, Tray
","114,00 
                                        ",,https://jimms.fi/fi/Product/Show/151322/cm8068403377319/intel-core-i3-9100-lga1151-3_6ghz-6mb-tray
Intel,"
 Core i7-9700F, LGA1151, 3GHz, 12MB, Boxed
","294,00 
                                        ",,https://jimms.fi/fi/Product/Show/151345/bx80684i79700f/intel-core-i7-9700f-lga1151-3ghz-12mb-boxed
Intel,"
 Celeron G3900, LGA1151, 2.8GHz, 2MB, Tray
","41,00 
                                        ",,https://jimms.fi/fi/Product/Show/130052/cm8066201928610/intel-celeron-g3900-lga1151-2_8ghz-2mb-tray
AMD,"
 A6-9500 APU, AM4, 3.5 GHz, 2-core, Boxed
","44,90 
                                        ","Radeon R5  
                                        ",https://jimms.fi/fi/Product/Show/133662/ad9500agabbox/amd-a6-9500-apu-am4-3_5-ghz-2-core-boxed
Intel,"
 Coffee Lake Core i7-9700KF, LGA1151, 3.60 GHz, 12MB, R0 stepping, Tray
","340,00 
                                        ","HUOM! F-sarjan Core -prosessorit eivät sisällä integroitua näytönohjainta!  
                                        ",https://jimms.fi/fi/Product/Show/155224/cm8068403874220/intel-coffee-lake-core-i7-9700kf-lga1151-3_60-ghz-12mb-r0-stepping-tray
Intel,"
 Xeon E7-8894 v4, LGA2011-v3, 2.4GHz, 60MB, Tray
","9 833,00 
                                        ",,https://jimms.fi/fi/Product/Show/130287/cm8066903251800/intel-xeon-e7-8894-v4-lga2011-v3-2_4ghz-60mb-tray
Intel,"
 Core i3-6100, LGA1151, 3.7GHz, 3MB, Tray
","128,00 
                                        ",,https://jimms.fi/fi/Product/Show/130098/cm8066201927202/intel-core-i3-6100-lga1151-3_7ghz-3mb-tray
Intel,"
 Core i7-9700, LGA1151, 3GHz, 12MB, Tray
","302,00 
                                        ",,https://jimms.fi/fi/Product/Show/151344/cm8068403874521/intel-core-i7-9700-lga1151-3ghz-12mb-tray
Intel,"
 (B-stock) Core i7-10700K - Marvel's Avengers Collector's Edition, LGA1200, 3.80 GHz, 16MB, Boxed
","391,60 
                                        ","Tämä tuote on asiakaspalautus!  
                                        ",https://jimms.fi/fi/Product/Show/165956/bx8070110700ka-bst1/intel-b-stock-core-i7-10700k-marvel-s-avengers-collector-s-edition-lga1200-3_80-ghz-16mb-boxed
Intel,"
 Cascade Lake X - Core i9-10940X, LGA2066, 3.30 GHz, 19.25MB, Boxed
","878,00 
                                        ",,https://jimms.fi/fi/Product/Show/156839/bx8069510940x/intel-cascade-lake-x-core-i9-10940x-lga2066-3_30-ghz-19_25mb-boxed
Intel,"
 Celeron G5900, LGA1200, 3.40 GHz, 2MB, Boxed
","41,00 
                                        ",,https://jimms.fi/fi/Product/Show/161247/bx80701g5900/intel-celeron-g5900-lga1200-3_40-ghz-2mb-boxed
Intel,"
 Coffee Lake i5-8600K, LGA1151, 3.6 GHz, 9MB, Boxed
","285,00 
                                        ",,https://jimms.fi/fi/Product/Show/134058/bx80684i58600k/intel-coffee-lake-i5-8600k-lga1151-3_6-ghz-9mb-boxed
Intel,"
 Pentium Gold G6600, LGA1200, 4.20 GHz, 4MB, Boxed
","105,00 
                                        ",,https://jimms.fi/fi/Product/Show/161251/bx80701g6600/intel-pentium-gold-g6600-lga1200-4_20-ghz-4mb-boxed
Intel,"
 Cascade Lake X - Core i9-10980XE Extreme Edition, LGA2066, 3 GHz, 24.75MB, Boxed
","1 102,00 
                                        ",,https://jimms.fi/fi/Product/Show/156842/bx8069510980xe/intel-cascade-lake-x-core-i9-10980xe-extreme-edition-lga2066-3-ghz-24_75mb-boxed
Intel,"
 Xeon E-2136, LGA1151, 3.30 GHz, 12MB, Boxed
","323,00 
                                        ",,https://jimms.fi/fi/Product/Show/154685/bx80684e2136/intel-xeon-e-2136-lga1151-3_30-ghz-12mb-boxed
AMD,"
 Ryzen Threadripper 2970WX, TR4, 3.0GHz, 80MB, 24-core
","1 399,00 
                                        ","Äärimmäistä tehoa!  
                                        ",https://jimms.fi/fi/Product/Show/146424/yd297xazafwof/amd-ryzen-threadripper-2970wx-tr4-3_0ghz-80mb-24-core
Intel,"
 Core i9-9980XE Extreme Edition, LGA2066, 3.00GHz, Boxed
","988,00 
                                        ",,https://jimms.fi/fi/Product/Show/148473/bx80673i99980x/intel-core-i9-9980xe-extreme-edition-lga2066-3_00ghz-boxed
Intel,"
 Core i7-10700, LGA1200, 2.90 GHz, 16MB, Boxed
","371,00 
                                        ",,https://jimms.fi/fi/Product/Show/161263/bx8070110700/intel-core-i7-10700-lga1200-2_90-ghz-16mb-boxed
Intel,"
 Coffee Lake Core i9-9900K, LGA1151, 3.60 GHz, 16MB, R0 stepping, Tray
","451,00 
                                        ",,https://jimms.fi/fi/Product/Show/155222/cm8068403873925/intel-coffee-lake-core-i9-9900k-lga1151-3_60-ghz-16mb-r0-stepping-tray
AMD,"
 Ryzen Threadripper 3970X, sTRX4, 3.7GHz, 147MB, 32-core
","2 199,00 
                                        ","Äärimmäistä tehoa!  
                                        ",https://jimms.fi/fi/Product/Show/156266/100-100000011wof/amd-ryzen-threadripper-3970x-strx4-3_7ghz-147mb-32-core
Intel,"
 Coffee Lake Core i7-9700K, LGA1151, 3.60 GHz, 12MB, R0 stepping, Tray
","358,00 
                                        ",,https://jimms.fi/fi/Product/Show/155221/cm8068403874215/intel-coffee-lake-core-i7-9700k-lga1151-3_60-ghz-12mb-r0-stepping-tray
Intel,"
 Core i3-10100F, LGA1200, 3.60 GHz, 6MB, Boxed
","90,00 
                                        ",,https://jimms.fi/fi/Product/Show/165641/bx8070110100f/intel-core-i3-10100f-lga1200-3_60-ghz-6mb-boxed
AMD,"
 EPYC 7501, SP3, 2GHz, 64MB, Tray
","4 099,00 
                                        ","Selätä modernien tietokeskusten haasteet AMD EPYCin avulla!  
                                        ",https://jimms.fi/fi/Product/Show/135240/ps7501bevihaf/amd-epyc-7501-sp3-2ghz-64mb-tray
AMD,"
 Athlon 200GE With Radeon Vega Graphics, AM4, 3.2 GHz, 2-Core, Boxed
","49,90 
                                        ","Kehittynyttä AMD-teknologiaa jokapäiväiseen käyttöön!  
                                        ",https://jimms.fi/fi/Product/Show/144993/yd200gc6fbbox/amd-athlon-200ge-with-radeon-vega-graphics-am4-3_2-ghz-2-core-boxed
Intel,"
 Core i9-10900, LGA1200, 2.80 GHz, 20MB, Boxed
","497,00 
                                        ",,https://jimms.fi/fi/Product/Show/161267/bx8070110900/intel-core-i9-10900-lga1200-2_80-ghz-20mb-boxed
Intel,"
 Core i3-10300, LGA1200, 3.70 GHz, 8MB, Boxed
","170,00 
                                        ",,https://jimms.fi/fi/Product/Show/161253/bx8070110300/intel-core-i3-10300-lga1200-3_70-ghz-8mb-boxed
Intel,"
 Core i5-10500, LGA1200, 3.10 GHz, 12MB, Boxed
","225,00 
                                        ",,https://jimms.fi/fi/Product/Show/161259/bx8070110500/intel-core-i5-10500-lga1200-3_10-ghz-12mb-boxed
Intel,"
 Core i9-10850K - Marvel's Avengers Collector's Edition, LGA1200, 3.60 GHz, 20MB, Boxed
","503,00 
                                        ",,https://jimms.fi/fi/Product/Show/164142/bx8070110850ka/intel-core-i9-10850k-marvel-s-avengers-collector-s-edition-lga1200-3_60-ghz-20mb-boxed
Intel,"
 Core i5-7400, LGA1151, 3.0GHz, 6MB, Tray
","201,00 
                                        ",,https://jimms.fi/fi/Product/Show/130125/cm8067702867050/intel-core-i5-7400-lga1151-3_0ghz-6mb-tray
AMD,"
 A10-9700 APU, AM4, 3.5 GHz, 4-core, Boxed
","74,90 
                                        ","Radeon R7  
                                        ",https://jimms.fi/fi/Product/Show/133666/ad9700agabbox/amd-a10-9700-apu-am4-3_5-ghz-4-core-boxed
AMD,"
 A8-9600 APU, AM4, 3.1 GHz, 4-core, Boxed
","59,00 
                                        ","Radeon R7  
                                        ",https://jimms.fi/fi/Product/Show/133657/ad9600agabbox/amd-a8-9600-apu-am4-3_1-ghz-4-core-boxed
AMD,"
 EPYC 7302P, SP3, 3.0 GHz, 128MB, WOF
","1 059,00 
                                        ","Selätä modernien tietokeskusten haasteet AMD EPYCin avulla!  
                                        ",https://jimms.fi/fi/Product/Show/163448/100-100000049wof/amd-epyc-7302p-sp3-3_0-ghz-128mb-wof
Intel,"
 Broadwell-E i7-6800K, LGA2011-v3, 3.4 GHz, 15MB, Boxed
","505,00 
                                        ",,https://jimms.fi/fi/Product/Show/121135/bx80671i76800k/intel-broadwell-e-i7-6800k-lga2011-v3-3_4-ghz-15mb-boxed
Intel,"
 Core i3-10320, LGA1200, 3.80 GHz, 8MB, Boxed
","180,00 
                                        ",,https://jimms.fi/fi/Product/Show/161254/bx8070110320/intel-core-i3-10320-lga1200-3_80-ghz-8mb-boxed
Intel,"
 Kaby Lake i5-7600K, LGA1151, 3.80GHz, 6MB, Boxed (Poistotuote!)
","279,90 
                                        ",,https://jimms.fi/fi/Product/Show/126318/bx80677i57600k/intel-kaby-lake-i5-7600k-lga1151-3_80ghz-6mb-boxed-poistotuote
Intel,"
 Celeron G5925, LGA1200, 3.60 GHz, 4MB, Boxed
","59,00 
                                        ",,https://jimms.fi/fi/Product/Show/164084/bx80701g5925/intel-celeron-g5925-lga1200-3_60-ghz-4mb-boxed
AMD,"
 Athlon X4 950 -prosessori, Boxed
","54,90 
                                        ","Socket AM4, 3.5GHz, 2MB, 45/65W  
                                        ",https://jimms.fi/fi/Product/Show/132901/ad950xagabbox/amd-athlon-x4-950-prosessori-boxed
Intel,"
 Xeon E5-1650 v3, LGA2011-3, 3.5GHz, Boxed
","680,00 
                                        ",,https://jimms.fi/fi/Product/Show/107594/bx80644e51650v3/intel-xeon-e5-1650-v3-lga2011-3-3_5ghz-boxed
Intel,"
 Xeon W-3175X, LGA3647, 3.1 GHz, 38.5 MB, Boxed
","3 237,00 
                                        ",,https://jimms.fi/fi/Product/Show/149447/bx80673w3175x/intel-xeon-w-3175x-lga3647-3_1-ghz-38_5-mb-boxed
Intel,"
 Core i9-9900X X-series, LGA2066, 3.50 GHz, 19.25MB, Boxed
","590,00 
                                        ",,https://jimms.fi/fi/Product/Show/147258/bx80673i99900x/intel-core-i9-9900x-x-series-lga2066-3_50-ghz-19_25mb-boxed
Intel,"
 Core i9-9920X X-series, LGA2066, 3.50 GHz, 19.25MB, Boxed
","688,00 
                                        ",,https://jimms.fi/fi/Product/Show/151030/bx80673i99920x/intel-core-i9-9920x-x-series-lga2066-3_50-ghz-19_25mb-boxed
Intel,"
 Broadwell-E i7-6950X, LGA2011-v3, 3.0 GHz, 25MB, Boxed
","1 865,00 
                                        ",,https://jimms.fi/fi/Product/Show/121132/bx80671i76950x/intel-broadwell-e-i7-6950x-lga2011-v3-3_0-ghz-25mb-boxed
AMD,"
 EPYC 7551, SP3, 2GHz, 64MB, Tray
","4 099,00 
                                        ","Selätä modernien tietokeskusten haasteet AMD EPYCin avulla!  
                                        ",https://jimms.fi/fi/Product/Show/135243/ps7551bdvihaf/amd-epyc-7551-sp3-2ghz-64mb-tray
Intel,"
 Xeon E5-1620 v4, LGA2011-3, 3.5GHz, 10MB, Boxed
","346,00 
                                        ",,https://jimms.fi/fi/Product/Show/123427/bx80660e51620v4/intel-xeon-e5-1620-v4-lga2011-3-3_5ghz-10mb-boxed
AMD,"
 Athlon 240GE, AM4, 3.5GHz, Dual-Core, Radeon Vega 3 Graphics, Boxed
","89,00 
                                        ",,https://jimms.fi/fi/Product/Show/148359/yd240gc6fbbox/amd-athlon-240ge-am4-3_5ghz-dual-core-radeon-vega-3-graphics-boxed
Intel,"
 Core i9-9900T, LGA1151, 2.1GHz, 16MB, Tray
","485,00 
                                        ",,https://jimms.fi/fi/Product/Show/151349/cm8068403874122/intel-core-i9-9900t-lga1151-2_1ghz-16mb-tray
Intel,"
 Cascade Lake X - Core i9-10920X, LGA2066, 3.50 GHz, 19.25MB, Boxed
","771,00 
                                        ",,https://jimms.fi/fi/Product/Show/156840/bx8069510920x/intel-cascade-lake-x-core-i9-10920x-lga2066-3_50-ghz-19_25mb-boxed
AMD,"
 EPYC 7251, SP3, 2.1GHz, 32MB, Tray
","399,00 
                                        ","Selätä modernien tietokeskusten haasteet AMD EPYCin avulla!  
                                        ",https://jimms.fi/fi/Product/Show/135096/ps7251bfv8saf/amd-epyc-7251-sp3-2_1ghz-32mb-tray
AMD,"
 EPYC 7601, SP3, 2.2GHz, 64MB, Tray
","3 199,00 
                                        ","Selätä modernien tietokeskusten haasteet AMD EPYCin avulla!  
                                        ",https://jimms.fi/fi/Product/Show/135248/ps7601bdvihaf/amd-epyc-7601-sp3-2_2ghz-64mb-tray
Intel,"
 Xeon E3-1275 v5, LGA1151, 3.6GHz, 8MB
","390,00 
                                        ",,https://jimms.fi/fi/Product/Show/116291/bx80662e31275v5/intel-xeon-e3-1275-v5-lga1151-3_6ghz-8mb
Intel,"
 Xeon W-3235, LGA3647, 3.3GHz, 19.25MB, Tray
","1 546,00 
                                        ",,https://jimms.fi/fi/Product/Show/157500/cd8069504152802/intel-xeon-w-3235-lga3647-3_3ghz-19_25mb-tray
Intel,"
 Core i5-10600T, LGA1200, 2.40 GHz, 12MB, Tray
","238,00 
                                        ",,https://jimms.fi/fi/Product/Show/163981/cm8070104290410/intel-core-i5-10600t-lga1200-2_40-ghz-12mb-tray
Intel,"
 Core i9-9820X X-series, LGA2066, 3.30 GHz, 16.5MB, Boxed
","562,00 
                                        ",,https://jimms.fi/fi/Product/Show/147257/bx80673i99820x/intel-core-i9-9820x-x-series-lga2066-3_30-ghz-16_5mb-boxed
Intel,"
 Core i7-6700TE, LGA1151, 2.4GHz, 8MB, Tray
","335,00 
                                        ",,https://jimms.fi/fi/Product/Show/130155/cm8066201937801/intel-core-i7-6700te-lga1151-2_4ghz-8mb-tray
Intel,"
 Xeon E5620, LGA1366, 2.40 GHz. 12MB, Tray
","331,00 
                                        ",,https://jimms.fi/fi/Product/Show/154658/at80614005073ab/intel-xeon-e5620-lga1366-2_40-ghz-12mb-tray
Intel,"
 Coffee Lake Core i5-8500, LGA1151, 3GHz, 9MB, Boxed
","226,00 
                                        ",,https://jimms.fi/fi/Product/Show/140491/bx80684i58500/intel-coffee-lake-core-i5-8500-lga1151-3ghz-9mb-boxed
Intel,"
 Celeron G4930, LGA1151, 3.20 GHz, 2MB, Tray
","37,00 
                                        ",,https://jimms.fi/fi/Product/Show/155216/cm8068403378114/intel-celeron-g4930-lga1151-3_20-ghz-2mb-tray
AMD,"
 Athlon 220GE, AM4, 3.4GHz, Dual-Core, Radeon Vega 3 Graphics, Boxed
","79,00 
                                        ",,https://jimms.fi/fi/Product/Show/148358/yd220gc6fbbox/amd-athlon-220ge-am4-3_4ghz-dual-core-radeon-vega-3-graphics-boxed
Intel,"
 Pentium Gold G6500, LGA1200, 4.10 GHz, 4MB, Boxed
","93,00 
                                        ",,https://jimms.fi/fi/Product/Show/161250/bx80701g6500/intel-pentium-gold-g6500-lga1200-4_10-ghz-4mb-boxed
Intel,"
 Core i9-9960X X-series, LGA2066, 3.10 GHz, 22MB, Boxed
","879,00 
                                        ",,https://jimms.fi/fi/Product/Show/151028/bx80673i99960x/intel-core-i9-9960x-x-series-lga2066-3_10-ghz-22mb-boxed
Intel,"
 Xeon E5-1650 v4, LGA2011-3, 3.6GHz, 15MB, Boxed
","683,00 
                                        ",,https://jimms.fi/fi/Product/Show/123426/bx80660e51650v4/intel-xeon-e5-1650-v4-lga2011-3-3_6ghz-15mb-boxed
Intel,"
 Coffee Lake Core i9-9900KF, LGA1151, 3.60 GHz, 16MB, R0 stepping, Tray
","421,00 
                                        ","HUOM! F-sarjan Core -prosessorit eivät sisällä integroitua näytönohjainta!  
                                        ",https://jimms.fi/fi/Product/Show/155225/cm8068403873928/intel-coffee-lake-core-i9-9900kf-lga1151-3_60-ghz-16mb-r0-stepping-tray
Intel,"
 Core i7-6900K, LGA2011-V3, 3.2GHz, 20MB, Tray
","1 147,00 
                                        ",,https://jimms.fi/fi/Product/Show/130136/cm8067102056010/intel-core-i7-6900k-lga2011-v3-3_2ghz-20mb-tray
AMD,"
 A6-9500E APU, AM4, 3 GHz, 2-core, Boxed
","54,90 
                                        ","Radeon R5  
                                        ",https://jimms.fi/fi/Product/Show/133660/ad9500ahabbox/amd-a6-9500e-apu-am4-3-ghz-2-core-boxed
Intel,"
 Core i5-9500F, LGA1151, 3GHz, 9MB, Boxed
","195,00 
                                        ",,https://jimms.fi/fi/Product/Show/151337/bx80684i59500f/intel-core-i5-9500f-lga1151-3ghz-9mb-boxed
Intel,"
 Coffee Lake Pentium Gold G5600, LGA1151, 3.9GHz, 4MB, Boxed
","93,00 
                                        ",,https://jimms.fi/fi/Product/Show/140492/bx80684g5600/intel-coffee-lake-pentium-gold-g5600-lga1151-3_9ghz-4mb-boxed
Intel,"
 Coffee Lake Core i5-9600KF, LGA1151, 3.70 GHz, 9MB, R0 stepping, Tray
","200,00 
                                        ","HUOM! F-sarjan Core -prosessorit eivät sisällä integroitua näytönohjainta!  
                                        ",https://jimms.fi/fi/Product/Show/155223/cm8068403874410/intel-coffee-lake-core-i5-9600kf-lga1151-3_70-ghz-9mb-r0-stepping-tray
Intel,"
 Core i5-9600, LGA1151, 3.1GHz, 9MB, Boxed
","247,00 
                                        ",,https://jimms.fi/fi/Product/Show/151340/bx80684i59600/intel-core-i5-9600-lga1151-3_1ghz-9mb-boxed
Intel,"
 Core i7-9700F, LGA1151, 3GHz, 12MB, Tray
","282,00 
                                        ",,https://jimms.fi/fi/Product/Show/151346/cm8068403874523/intel-core-i7-9700f-lga1151-3ghz-12mb-tray
Intel,"
 Coffee Lake Core i5-9600K, LGA1151, 3.70 GHz, 9MB, R0 stepping, Tray
","242,00 
                                        ",,https://jimms.fi/fi/Product/Show/155220/cm8068403874405/intel-coffee-lake-core-i5-9600k-lga1151-3_70-ghz-9mb-r0-stepping-tray
Intel,"
 Xeon W-3245, LGA3647, 3.2GHz, 22MB, Tray
","2 210,00 
                                        ",,https://jimms.fi/fi/Product/Show/160561/cd8069504152900/intel-xeon-w-3245-lga3647-3_2ghz-22mb-tray
AMD,"
 EPYC 7232P, SP3, 3.10 GHz, 32MB, WOF
","549,00 
                                        ","Selätä modernien tietokeskusten haasteet AMD EPYCin avulla!  
                                        ",https://jimms.fi/fi/Product/Show/161367/100-100000081wof/amd-epyc-7232p-sp3-3_10-ghz-32mb-wof
Intel,"
 Xeon E5-1620v3, LGA2011-3, 3.50 GHz, 10MB, Boxed
","331,00 
                                        ",,https://jimms.fi/fi/Product/Show/154661/bx80644e51620v3/intel-xeon-e5-1620v3-lga2011-3-3_50-ghz-10mb-boxed
Intel,"
 Xeon Platinum 8176, LGA3647, 2.10 GHz, 38.5 MB, Boxed
","9 643,00 
                                        ",,https://jimms.fi/fi/Product/Show/154666/bx806738176/intel-xeon-platinum-8176-lga3647-2_10-ghz-38_5-mb-boxed
Intel,"
 Coffee Lake Core i5-8600, LGA1151, 3.1GHz, 9MB, Boxed
","247,00 
                                        ",,https://jimms.fi/fi/Product/Show/140490/bx80684i58600/intel-coffee-lake-core-i5-8600-lga1151-3_1ghz-9mb-boxed
Intel,"
 Kaby Lake i3-7350K, LGA1151, 4.2GHz, 4MB, Boxed
","199,00 
                                        ",,https://jimms.fi/fi/Product/Show/126322/bx80677i37350k/intel-kaby-lake-i3-7350k-lga1151-4_2ghz-4mb-boxed
Intel,"
 Xeon Silver 4114, LGA3647, 2.2GHz, 13.75MB, Boxed
","761,00 
                                        ",,https://jimms.fi/fi/Product/Show/139053/bx806734114/intel-xeon-silver-4114-lga3647-2_2ghz-13_75mb-boxed
Intel,"
 Core i3-9350K, LGA1151, 4.00 GHz, 8MB, Boxed
","206,00 
                                        ",,https://jimms.fi/fi/Product/Show/154634/bx80684i39350k/intel-core-i3-9350k-lga1151-4_00-ghz-8mb-boxed
Intel,"
 Xeon E5-2640 v3, LGA2011-v3, 2.6GHz, 20MB, Tray
","1 038,00 
                                        ",,https://jimms.fi/fi/Product/Show/130219/cm8064401830901/intel-xeon-e5-2640-v3-lga2011-v3-2_6ghz-20mb-tray
Intel,"
 Core i9-9940X X-series, LGA2066, 3.30 GHz, 19.25MB, Boxed
","784,00 
                                        ",,https://jimms.fi/fi/Product/Show/147637/bx80673i99940x/intel-core-i9-9940x-x-series-lga2066-3_30-ghz-19_25mb-boxed
Intel,"
 Celeron G4950, LGA1151, 3.30 GHz, 2MB, Boxed
","59,00 
                                        ",,https://jimms.fi/fi/Product/Show/154630/bx80684g4950/intel-celeron-g4950-lga1151-3_30-ghz-2mb-boxed
Intel,"
 Xeon Platinum 8256, LGA3647, 3.80 GHz, 16.5 MB, Boxed
","7 751,00 
                                        ",,https://jimms.fi/fi/Product/Show/154699/bx806958256/intel-xeon-platinum-8256-lga3647-3_80-ghz-16_5-mb-boxed
Intel,"
 Xeon Gold 6146, LGA3647, 3.2GHz, 24.75MB, Tray
","3 632,00 
                                        ",,https://jimms.fi/fi/Product/Show/162324/cd8067303657201/intel-xeon-gold-6146-lga3647-3_2ghz-24_75mb-tray
Intel,"
 Xeon E3-1275 v6, LGA1151, 3.8GHz, 8MB, Boxed
","391,00 
                                        ",,https://jimms.fi/fi/Product/Show/128985/bx80677e31275v6/intel-xeon-e3-1275-v6-lga1151-3_8ghz-8mb-boxed
Intel,"
 Xeon E3-1220 v6, LGA1151, 3.0GHz, 8MB, Tray
","218,00 
                                        ",,https://jimms.fi/fi/Product/Show/130162/cm8067702870812/intel-xeon-e3-1220-v6-lga1151-3_0ghz-8mb-tray
SuperMicro,"
 X10SRM-TF, mATX-emolevy
","469,00 
                                        ","LGA2011-3, Intel C612, 4 x DDR4, VGA  
                                        ",https://jimms.fi/fi/Product/Show/148237/mbd-x10srm-tf-o/supermicro-x10srm-tf-matx-emolevy
Intel,"
 Core i5-9500F, LGA1151, 3GHz, 9MB, Tray
","184,00 
                                        ",,https://jimms.fi/fi/Product/Show/151336/cm8068403362616/intel-core-i5-9500f-lga1151-3ghz-9mb-tray
Intel,"
 Xeon E5-2620 v3, LGA2011-v3, 2.4GHz, 15MB, Tray
","466,00 
                                        ",,https://jimms.fi/fi/Product/Show/130210/cm8064401831400/intel-xeon-e5-2620-v3-lga2011-v3-2_4ghz-15mb-tray
Intel,"
 Xeon E5-1630 v4, LGA2011-v3, 3.7GHz, 10MB, Tray
","453,00 
                                        ",,https://jimms.fi/fi/Product/Show/130198/cm8066002395300/intel-xeon-e5-1630-v4-lga2011-v3-3_7ghz-10mb-tray
Intel,"
  Xeon Gold 5122, LGA3647, 3.6GHz, 16.5MB, Boxed
","1 357,00 
                                        ",,https://jimms.fi/fi/Product/Show/149732/bx806735122/intel-intel-xeon-gold-5122-lga3647-3_6ghz-16_5mb-boxed
Intel,"
 Core i5-9500, LGA1151, 3GHz, 9MB, Boxed
","226,00 
                                        ",,https://jimms.fi/fi/Product/Show/151335/bx80684i59500/intel-core-i5-9500-lga1151-3ghz-9mb-boxed
Intel,"
 Xeon E5-2620 v4, LGA2011-v3, 2.1GHz, 20MB, Tray
","466,00 
                                        ",,https://jimms.fi/fi/Product/Show/130212/cm8066002032201/intel-xeon-e5-2620-v4-lga2011-v3-2_1ghz-20mb-tray
Intel,"
 Core i5-9500T, LGA1151, 2.2GHz, 9MB, Tray
","214,00 
                                        ",,https://jimms.fi/fi/Product/Show/151339/cm8068403362510/intel-core-i5-9500t-lga1151-2_2ghz-9mb-tray
Intel,"
 Xeon E3-1230 v5, LGA1151, 3.4GHz, 8MB
","291,00 
                                        ",,https://jimms.fi/fi/Product/Show/116293/bx80662e31230v5/intel-xeon-e3-1230-v5-lga1151-3_4ghz-8mb
AMD,"
 EPYC 7281, SP3, 2.1GHz, 32MB, Tray
","529,00 
                                        ","Selätä modernien tietokeskusten haasteet AMD EPYCin avulla!  
                                        ",https://jimms.fi/fi/Product/Show/135229/ps7281bevgaaf/amd-epyc-7281-sp3-2_1ghz-32mb-tray
Intel,"
 Core i3-7300, LGA1151, 4.0GHz, 4MB, Tray
","153,00 
                                        ",,https://jimms.fi/fi/Product/Show/130103/cm8067703014426/intel-core-i3-7300-lga1151-4_0ghz-4mb-tray
Intel,"
 Xeon E5-2690 v4, LGA2011-v3, 2.6GHz, 35MB, Tray
","2 310,00 
                                        ",,https://jimms.fi/fi/Product/Show/130249/cm8066002030908/intel-xeon-e5-2690-v4-lga2011-v3-2_6ghz-35mb-tray
Intel,"
 Pentium Gold G5620, LGA1151, 4.00 GHz, 4MB, Boxed
","105,00 
                                        ",,https://jimms.fi/fi/Product/Show/154627/bx80684g5620/intel-pentium-gold-g5620-lga1151-4_00-ghz-4mb-boxed
Intel,"
 Xeon Silver 4208, LGA3647, 2.10 GHz, 11MB, Boxed
","478,00 
                                        ",,https://jimms.fi/fi/Product/Show/154707/bx806954208/intel-xeon-silver-4208-lga3647-2_10-ghz-11mb-boxed
Intel,"
 Xeon E3-1225 v6, LGA1151, 3.3GHz, 8MB, Boxed
","250,00 
                                        ",,https://jimms.fi/fi/Product/Show/128981/bx80677e31225v6/intel-xeon-e3-1225-v6-lga1151-3_3ghz-8mb-boxed
Intel,"
 Xeon E5-1680 v4, LGA2011-v3, 3.4GHz, 20MB, Tray
","1 927,00 
                                        ",,https://jimms.fi/fi/Product/Show/130204/cm8066002044401/intel-xeon-e5-1680-v4-lga2011-v3-3_4ghz-20mb-tray
Intel,"
 Xeon E5-2697A v4, LGA2011-v3, 2.6GHz, 40MB, Tray
","3 195,00 
                                        ",,https://jimms.fi/fi/Product/Show/130253/cm8066002645900/intel-xeon-e5-2697a-v4-lga2011-v3-2_6ghz-40mb-tray
AMD,"
 EPYC 7401P, SP3, 2GHz, 64MB, Boxed
","849,00 
                                        ","Selätä modernien tietokeskusten haasteet AMD EPYCin avulla!  
                                        ",https://jimms.fi/fi/Product/Show/139687/ps740pbeafwof/amd-epyc-7401p-sp3-2ghz-64mb-boxed
Intel,"
 Core i3-9350KF, LGA1151, 4GHz, 8MB, Tray
","164,00 
                                        ",,https://jimms.fi/fi/Product/Show/151333/cm8068403376823/intel-core-i3-9350kf-lga1151-4ghz-8mb-tray
Intel,"
 Xeon Bronze 3104, LGA3647, 1.70 GHz, 8.25 MB, Boxed
","250,00 
                                        ",,https://jimms.fi/fi/Product/Show/154682/bx806733104/intel-xeon-bronze-3104-lga3647-1_70-ghz-8_25-mb-boxed
Intel,"
 Pentium Gold G5420, LGA1151, 3.80 GHz, 4MB, Tray
","61,00 
                                        ",,https://jimms.fi/fi/Product/Show/155214/cm8068403360113/intel-pentium-gold-g5420-lga1151-3_80-ghz-4mb-tray
Intel,"
 Celeron G5920, LGA1200, 3.50 GHz, 2MB, Boxed
","59,00 
                                        ",,https://jimms.fi/fi/Product/Show/161248/bx80701g5920/intel-celeron-g5920-lga1200-3_50-ghz-2mb-boxed
AMD,"
 EPYC 7301, SP3, 2.2GHz, 64MB, Tray
","559,00 
                                        ","Selätä modernien tietokeskusten haasteet AMD EPYCin avulla!  
                                        ",https://jimms.fi/fi/Product/Show/135231/ps7301bevgpaf/amd-epyc-7301-sp3-2_2ghz-64mb-tray
Intel,"
 Xeon Platinum 8170, LGA3647, 2.10 GHz, 35.75 MB, Boxed
","8 191,00 
                                        ",,https://jimms.fi/fi/Product/Show/154667/bx806738170/intel-xeon-platinum-8170-lga3647-2_10-ghz-35_75-mb-boxed
Intel,"
 Xeon E5-2660 v3, LGA2011-v3, 2.6GHz, 25MB, Tray
","1 597,00 
                                        ",,https://jimms.fi/fi/Product/Show/130234/cm8064401446117/intel-xeon-e5-2660-v3-lga2011-v3-2_6ghz-25mb-tray
Intel,"
 Xeon E-2176G, LGA1151, 3.70 GHz, 12MB, Boxed
","410,00 
                                        ",,https://jimms.fi/fi/Product/Show/154683/bx80684e2176g/intel-xeon-e-2176g-lga1151-3_70-ghz-12mb-boxed
Intel,"
 Pentium Gold G5600F, LGA1151, 3.90 GHz, 4MB, Tray
","85,00 
                                        ",,https://jimms.fi/fi/Product/Show/155213/cm8068403377516/intel-pentium-gold-g5600f-lga1151-3_90-ghz-4mb-tray
Intel,"
  Xeon E5-2699 v4, LGA2011-3, 2.2GHz, 55MB, Tray
","4 548,00 
                                        ",,https://jimms.fi/fi/Product/Show/128927/cm8066002022506/intel-intel-xeon-e5-2699-v4-lga2011-3-2_2ghz-55mb-tray
Intel,"
 Xeon E7-8890 v4, LGA2011-v3, 2.2GHz, 60MB, Tray
","7 928,00 
                                        ",,https://jimms.fi/fi/Product/Show/130284/cm8066902885200/intel-xeon-e7-8890-v4-lga2011-v3-2_2ghz-60mb-tray
Intel,"
 Xeon E5-2603 v4, LGA2011-v3, 1.7GHz, 15MB, Tray
","240,00 
                                        ",,https://jimms.fi/fi/Product/Show/130207/cm8066002032805/intel-xeon-e5-2603-v4-lga2011-v3-1_7ghz-15mb-tray
AMD,"
 EPYC 7451, SP3, 2.3GHz, 64MB, Tray
","2 899,00 
                                        ","Selätä modernien tietokeskusten haasteet AMD EPYCin avulla!  
                                        ",https://jimms.fi/fi/Product/Show/135238/ps7451bdvhcaf/amd-epyc-7451-sp3-2_3ghz-64mb-tray
Intel,"
 Core i3-9100T, LGA1151, 3.1GHz, 6MB, Tray
","137,00 
                                        ",,https://jimms.fi/fi/Product/Show/151326/cm8068403377425/intel-core-i3-9100t-lga1151-3_1ghz-6mb-tray
Intel,"
 Xeon E3-1225 v5, LGA1151, 3.3GHz, 8MB
","249,00 
                                        ",,https://jimms.fi/fi/Product/Show/116289/bx80662e31225v5/intel-xeon-e3-1225-v5-lga1151-3_3ghz-8mb
AMD,"
 EPYC 7351P, SP3, 2.4GHz, 64MB, Tray
","599,00 
                                        ","Selätä modernien tietokeskusten haasteet AMD EPYCin avulla!  
                                        ",https://jimms.fi/fi/Product/Show/135234/ps735pbevgpaf/amd-epyc-7351p-sp3-2_4ghz-64mb-tray
Intel,"
 Xeon Bronze 3204, LGA3647, 1.90 GHz, 8.25 MB, Boxed
","250,00 
                                        ",,https://jimms.fi/fi/Product/Show/154708/bx806953204/intel-xeon-bronze-3204-lga3647-1_90-ghz-8_25-mb-boxed
Intel,"
 Pentium Gold G5620, LGA1151, 4.00 GHz, 4MB, Tray
","97,00 
                                        ",,https://jimms.fi/fi/Product/Show/155212/cm8068403377512/intel-pentium-gold-g5620-lga1151-4_00-ghz-4mb-tray
Intel,"
 Core i3-9300, LGA1151, 3.7GHz, 8MB, Boxed
","170,00 
                                        ",,https://jimms.fi/fi/Product/Show/151327/bx80684i39300/intel-core-i3-9300-lga1151-3_7ghz-8mb-boxed
Intel,"
 Xeon E3-1220v5, LGA1151, 3.0GHz, 8MB, Tray
","220,00 
                                        ",,https://jimms.fi/fi/Product/Show/130161/cm8066201921804/intel-xeon-e3-1220v5-lga1151-3_0ghz-8mb-tray
Intel,"
 Xeon Gold 6152, LGA3647, 2.1GHz, 30.25MB
","4 033,00 
                                        ",,https://jimms.fi/fi/Product/Show/139375/bx806736152/intel-xeon-gold-6152-lga3647-2_1ghz-30_25mb
Intel,"
 Core i5-9600, LGA1151, 3.1GHz, 9MB, Tray
","238,00 
                                        ",,https://jimms.fi/fi/Product/Show/151341/cm8068403358610/intel-core-i5-9600-lga1151-3_1ghz-9mb-tray
Intel,"
 Core i5-9600T, LGA1151, 2.3GHz, 9MB, Tray
","238,00 
                                        ",,https://jimms.fi/fi/Product/Show/151342/cm8068403358709/intel-core-i5-9600t-lga1151-2_3ghz-9mb-tray
Intel,"
 Xeon E3-1220 v6, LGA1151, 3GHz, 8MB, Boxed
","230,00 
                                        ",,https://jimms.fi/fi/Product/Show/128980/bx80677e31220v6/intel-xeon-e3-1220-v6-lga1151-3ghz-8mb-boxed
Intel,"
 Core i7-6950X, LGA2011-V3, 3.2GHz, 20MB, Tray
","1 815,00 
                                        ",,https://jimms.fi/fi/Product/Show/130137/cm8067102055800/intel-core-i7-6950x-lga2011-v3-3_2ghz-20mb-tray
Intel,"
 Xeon E5-1660 v4, LGA2011-v3, 3.2GHz, 20MB, Tray
","1 245,00 
                                        ",,https://jimms.fi/fi/Product/Show/130202/cm8066002646401/intel-xeon-e5-1660-v4-lga2011-v3-3_2ghz-20mb-tray
AMD,"
 EPYC 7401P, SP3, 2GHz, 64MB, Tray
","799,00 
                                        ","Selätä modernien tietokeskusten haasteet AMD EPYCin avulla!  
                                        ",https://jimms.fi/fi/Product/Show/135237/ps740pbevhcaf/amd-epyc-7401p-sp3-2ghz-64mb-tray
AMD,"
 EPYC 7551P, SP3, 2GHz, 64MB, Tray
","2 549,00 
                                        ","Selätä modernien tietokeskusten haasteet AMD EPYCin avulla!  
                                        ",https://jimms.fi/fi/Product/Show/135246/ps755pbdvihaf/amd-epyc-7551p-sp3-2ghz-64mb-tray
Intel,"
 Xeon Silver 4110, LGA3647, 2.1GHz, 11MB, Boxed
","565,00 
                                        ",,https://jimms.fi/fi/Product/Show/147527/bx806734110/intel-xeon-silver-4110-lga3647-2_1ghz-11mb-boxed
Intel,"
 Xeon Platinum 8164, LGA3647, 2.00 GHz, 35.75 MB, Boxed
","6 763,00 
                                        ",,https://jimms.fi/fi/Product/Show/154668/bx806738164/intel-xeon-platinum-8164-lga3647-2_00-ghz-35_75-mb-boxed
Intel,"
 Xeon Gold 6148, LGA3647, 2.40 GHz, 27.5 MB, Boxed
","3 548,00 
                                        ",,https://jimms.fi/fi/Product/Show/154670/bx806736148/intel-xeon-gold-6148-lga3647-2_40-ghz-27_5-mb-boxed
Intel,"
 Xeon Silver 4210, LGA3647, 2.20 GHz, 13.75 MB, Boxed
","565,00 
                                        ",,https://jimms.fi/fi/Product/Show/154698/bx806954210/intel-xeon-silver-4210-lga3647-2_20-ghz-13_75-mb-boxed
Intel,"
 Xeon E5-2698 v4, LGA2011-v3, 2.2GHz, 50MB, Tray
","3 566,00 
                                        ",,https://jimms.fi/fi/Product/Show/130257/cm8066002024000/intel-xeon-e5-2698-v4-lga2011-v3-2_2ghz-50mb-tray
Intel,"
 Core i3-9300T, LGA1151, 3.2GHz, 8MB, Tray
","160,00 
                                        ",,https://jimms.fi/fi/Product/Show/151329/cm8068403377222/intel-core-i3-9300t-lga1151-3_2ghz-8mb-tray
Intel,"
 Pentium G4600T, LGA1151, 3.0GHz, 3MB, Tray
","84,00 
                                        ",,https://jimms.fi/fi/Product/Show/130152/cm8067703016014/intel-pentium-g4600t-lga1151-3_0ghz-3mb-tray
AMD,"
 EPYC 7351, SP3, 2.4GHz, 64MB, Tray
","1 399,00 
                                        ","Selätä modernien tietokeskusten haasteet AMD EPYCin avulla!  
                                        ",https://jimms.fi/fi/Product/Show/135233/ps7351bevgpaf/amd-epyc-7351-sp3-2_4ghz-64mb-tray
Intel,"
 Coffee Lake Pentium Gold G5500, LGA1151, 3.8GHz, 4MB, Boxed
","93,00 
                                        ",,https://jimms.fi/fi/Product/Show/140494/bx80684g5500/intel-coffee-lake-pentium-gold-g5500-lga1151-3_8ghz-4mb-boxed
Intel,"
 Core i3-9300, LGA1151, 3.7GHz, 8MB, Tray
","160,00 
                                        ",,https://jimms.fi/fi/Product/Show/151328/cm8068403377117/intel-core-i3-9300-lga1151-3_7ghz-8mb-tray
Intel,"
 Xeon Platinum 8160, LGA3647, 2.10 GHz, 33MB, Boxed
","5 203,00 
                                        ",,https://jimms.fi/fi/Product/Show/154669/bx806738160/intel-xeon-platinum-8160-lga3647-2_10-ghz-33mb-boxed
Intel,"
 Xeon E-2124G, LGA1151, 3.40 GHz, 8MB, Boxed
","244,00 
                                        ",,https://jimms.fi/fi/Product/Show/154686/bx80684e2124g/intel-xeon-e-2124g-lga1151-3_40-ghz-8mb-boxed
Intel,"
 Xeon Silver 4216, LGA3647, 2.10 GHz, 22MB, Boxed
","1 006,00 
                                        ",,https://jimms.fi/fi/Product/Show/154705/bx806954216/intel-xeon-silver-4216-lga3647-2_10-ghz-22mb-boxed
Intel,"
 Xeon E3-1245 v5, LGA1151, 3.5GHz, 8MB
","343,00 
                                        ",,https://jimms.fi/fi/Product/Show/116290/bx80662e31245v5/intel-xeon-e3-1245-v5-lga1151-3_5ghz-8mb
Intel,"
 Xeon E5-2630V4, 2,2 GHz, 10-core, Socket 2011-V3, boxed
","724,00 
                                        ",,https://jimms.fi/fi/Product/Show/123192/bx80660e52630v4/intel-xeon-e5-2630v4-2_2-ghz-10-core-socket-2011-v3-boxed
Intel,"
 Xeon E5-2683 v4, LGA2011-3, 2.1GHz, 40MB, Boxed
","2 045,00 
                                        ",,https://jimms.fi/fi/Product/Show/123432/bx80660e52683v4/intel-xeon-e5-2683-v4-lga2011-3-2_1ghz-40mb-boxed
Intel,"
 Xeon E5-2697 v4, LGA2011-3, 2.3GHz, 45MB, Boxed
","2 980,00 
                                        ",,https://jimms.fi/fi/Product/Show/123435/bx80660e52697v4/intel-xeon-e5-2697-v4-lga2011-3-2_3ghz-45mb-boxed
Intel,"
 Xeon E5-2637 v4, LGA2011-3, 3.5GHz, 16MB, Tray
","1 101,00 
                                        ",,https://jimms.fi/fi/Product/Show/125241/cm8066002041100/intel-xeon-e5-2637-v4-lga2011-3-3_5ghz-16mb-tray
Intel,"
 Xeon E3-1245 v6, LGA1151, 3.7GHz, 8MB, Tray
","317,00 
                                        ",,https://jimms.fi/fi/Product/Show/130174/cm8067702870932/intel-xeon-e3-1245-v6-lga1151-3_7ghz-8mb-tray
Intel,"
 Coffee Lake i3-8300T, LGA1151, 3.2 GHz, 8MB, Tray
","154,00 
                                        ",,https://jimms.fi/fi/Product/Show/144076/cm8068403377212/intel-coffee-lake-i3-8300t-lga1151-3_2-ghz-8mb-tray
Intel,"
 Core i5-9400T, LGA1151, 1.8GHz, 9MB, Tray
","204,00 
                                        ",,https://jimms.fi/fi/Product/Show/151334/cm8068403358915/intel-core-i5-9400t-lga1151-1_8ghz-9mb-tray
Intel,"
 Xeon Silver 4112, LGA3647, 2.60 GHz, 8.25 MB, Boxed
","535,00 
                                        ",,https://jimms.fi/fi/Product/Show/154679/bx806734112/intel-xeon-silver-4112-lga3647-2_60-ghz-8_25-mb-boxed
Intel,"
 Xeon Silver 4108, LGA3647, 1.80 GHz, 11MB, Boxed
","478,00 
                                        ",,https://jimms.fi/fi/Product/Show/154680/bx806734108/intel-xeon-silver-4108-lga3647-1_80-ghz-11mb-boxed
Intel,"
 Xeon Gold 6230, LGA3647, 2.10 GHz, 27.5 MB, Boxed
","2 100,00 
                                        ",,https://jimms.fi/fi/Product/Show/154703/bx806956230/intel-xeon-gold-6230-lga3647-2_10-ghz-27_5-mb-boxed
Intel,"
 Xeon E3-1270 v5, LGA1151, 3.6GHz, 8MB
","393,00 
                                        ",,https://jimms.fi/fi/Product/Show/116295/bx80662e31270v5/intel-xeon-e3-1270-v5-lga1151-3_6ghz-8mb
Intel,"
 Xeon E3-1225 v5, LGA1151, 3.3GHz, 8MB, Tray
","240,00 
                                        ",,https://jimms.fi/fi/Product/Show/130163/cm8066201922605/intel-xeon-e3-1225-v5-lga1151-3_3ghz-8mb-tray
Intel,"
 Xeon E5-2630 v4, LGA2011-v3, 2.2GHz, 25MB, Tray
","737,00 
                                        ",,https://jimms.fi/fi/Product/Show/130215/cm8066002032301/intel-xeon-e5-2630-v4-lga2011-v3-2_2ghz-25mb-tray
Intel,"
 Xeon E7-8893 v4, LGA2011-v3, 3.2GHz, 60MB, Tray
","7 560,00 
                                        ",,https://jimms.fi/fi/Product/Show/130286/cm8066902065502/intel-xeon-e7-8893-v4-lga2011-v3-3_2ghz-60mb-tray
Intel,"
 Core i5-9500, LGA1151, 3GHz, 9MB, Tray
","214,00 
                                        ",,https://jimms.fi/fi/Product/Show/151338/cm8068403362610/intel-core-i5-9500-lga1151-3ghz-9mb-tray
Intel,"
 Pentium Gold G5600F, LGA1151, 3.90 GHz, 4MB, Boxed
","93,00 
                                        ",,https://jimms.fi/fi/Product/Show/154635/bx80684g5600f/intel-pentium-gold-g5600f-lga1151-3_90-ghz-4mb-boxed
Intel,"
 Xeon Bronze 3106, LGA3647, 1.70 GHz, 11MB, Boxed
","354,00 
                                        ",,https://jimms.fi/fi/Product/Show/154681/bx806733106/intel-xeon-bronze-3106-lga3647-1_70-ghz-11mb-boxed
Intel,"
 Xeon E5-2620 V4 2,1 GHz, LGA2011-V3, boxed
","460,00 
                                        ",,https://jimms.fi/fi/Product/Show/121966/bx80660e52620v4/intel-xeon-e5-2620-v4-2_1-ghz-lga2011-v3-boxed
Intel,"
 Xeon E5-2660 v4, LGA2011-3, 2GHz, 35MB, Boxed
","1 596,00 
                                        ",,https://jimms.fi/fi/Product/Show/123424/bx80660e52660v4/intel-xeon-e5-2660-v4-lga2011-3-2ghz-35mb-boxed
Intel,"
 Xeon E3-1240 v6, LGA1151, 3.7GHz, 8MB, Tray
","304,00 
                                        ",,https://jimms.fi/fi/Product/Show/130171/cm8067702870649/intel-xeon-e3-1240-v6-lga1151-3_7ghz-8mb-tray
Intel,"
 Xeon Silver 4116, LGA3647, 2.1GHz, 16,5 MB, Boxed
","1 167,00 
                                        ",,https://jimms.fi/fi/Product/Show/141232/bx806734116/intel-xeon-silver-4116-lga3647-2_1ghz-16_5-mb-boxed
Intel,"
 Xeon Silver 4214, LGA3647, 2.20 GHz, 16.5 MB, Boxed
","779,00 
                                        ",,https://jimms.fi/fi/Product/Show/154706/bx806954214/intel-xeon-silver-4214-lga3647-2_20-ghz-16_5-mb-boxed
Intel,"
 Xeon E3-1270 v6, LGA1151, 3.8GHz, 8MB, Boxed
","379,00 
                                        ",,https://jimms.fi/fi/Product/Show/128984/bx80677e31270v6/intel-xeon-e3-1270-v6-lga1151-3_8ghz-8mb-boxed
Intel,"
 Xeon E3-1240 v6, LGA1151, 3.7GHz, 8MB, Boxed
","316,00 
                                        ",,https://jimms.fi/fi/Product/Show/128982/bx80677e31240v6/intel-xeon-e3-1240-v6-lga1151-3_7ghz-8mb-boxed
Intel,"
 Xeon E5-2680 v3, LGA2011-v3, 2.5GHz, 30MB, Tray
","1 929,00 
                                        ",,https://jimms.fi/fi/Product/Show/130240/cm8064401439612/intel-xeon-e5-2680-v3-lga2011-v3-2_5ghz-30mb-tray
Intel,"
 Xeon E5-2603v3, LGA2011-3, 1.60 GHz, 15MB, Boxed
","252,00 
                                        ",,https://jimms.fi/fi/Product/Show/154660/bx80644e52603v3/intel-xeon-e5-2603v3-lga2011-3-1_60-ghz-15mb-boxed
Intel,"
 Xeon Gold 6134, LGA3647, 3.20 GHz, 24.75 MB, Boxed
","2 454,00 
                                        ",,https://jimms.fi/fi/Product/Show/154675/bx806736134/intel-xeon-gold-6134-lga3647-3_20-ghz-24_75-mb-boxed
Intel,"
 Xeon E-2146G, LGA1151, 3.50 GHz, 12MB, Boxed
","354,00 
                                        ",,https://jimms.fi/fi/Product/Show/154684/bx80684e2146g/intel-xeon-e-2146g-lga1151-3_50-ghz-12mb-boxed
Intel,"
 Celeron G4950, LGA1151, 3.30 GHz, 2MB, Tray
","59,00 
                                        ",,https://jimms.fi/fi/Product/Show/155215/cm8068403378012/intel-celeron-g4950-lga1151-3_30-ghz-2mb-tray
Intel,"
 Xeon E5-2620 v3, LGA2011-3, 2.4GHz, 15MB, Boxed
","469,00 
                                        ",,https://jimms.fi/fi/Product/Show/108438/bx80644e52620v3/intel-xeon-e5-2620-v3-lga2011-3-2_4ghz-15mb-boxed
Intel,"
 Xeon E5-2680 v4, LGA2011-3, 2.4GHz, 35MB, Boxed
","1 927,00 
                                        ",,https://jimms.fi/fi/Product/Show/123431/bx80660e52680v4/intel-xeon-e5-2680-v4-lga2011-3-2_4ghz-35mb-boxed
Intel,"
 Xeon E5-2623 v4, LGA2011-3, 2.6GHz, 10MB, Tray
","496,00 
                                        ",,https://jimms.fi/fi/Product/Show/123436/cm8066002402400/intel-xeon-e5-2623-v4-lga2011-3-2_6ghz-10mb-tray
Intel,"
 Xeon E3-1245 v6, LGA1151, 3.7GHz, 8MB, Boxed
","329,00 
                                        ",,https://jimms.fi/fi/Product/Show/128983/bx80677e31245v6/intel-xeon-e3-1245-v6-lga1151-3_7ghz-8mb-boxed
Intel,"
 Xeon E3-1230 v6, LGA1151, 3.5GHz, 8MB, Tray
","280,00 
                                        ",,https://jimms.fi/fi/Product/Show/130167/cm8067702870650/intel-xeon-e3-1230-v6-lga1151-3_5ghz-8mb-tray
Intel,"
 Xeon E5-1650 v4, LGA2011-v3, 3.6GHz, 15MB, Tray
","682,00 
                                        ",,https://jimms.fi/fi/Product/Show/130200/cm8066002044306/intel-xeon-e5-1650-v4-lga2011-v3-3_6ghz-15mb-tray
AMD,"
 EPYC 7401, SP3, 2GHz, 64MB, Tray
","1 799,00 
                                        ","Selätä modernien tietokeskusten haasteet AMD EPYCin avulla!  
                                        ",https://jimms.fi/fi/Product/Show/135235/ps7401bevhcaf/amd-epyc-7401-sp3-2ghz-64mb-tray
Intel,"
 Xeon Gold 6128, LGA3647, 3.40 GHz, 19.25 MB, Boxed
","1 876,00 
                                        ",,https://jimms.fi/fi/Product/Show/154677/bx806736128/intel-xeon-gold-6128-lga3647-3_40-ghz-19_25-mb-boxed
Intel,"
 Xeon Gold 6248, LGA3647, 2.50 GHz, 27.5 MB, Boxed
","3 402,00 
                                        ",,https://jimms.fi/fi/Product/Show/154700/bx806956248/intel-xeon-gold-6248-lga3647-2_50-ghz-27_5-mb-boxed
Intel,"
 Xeon Gold 6234, LGA3647, 3.30 GHz, 24.75 MB, Boxed
","2 454,00 
                                        ",,https://jimms.fi/fi/Product/Show/154710/bx806956234/intel-xeon-gold-6234-lga3647-3_30-ghz-24_75-mb-boxed
Intel,"
 Coffee Lake Core i5-9400, LGA1151, 2.90 GHz, 9MB, Tray
","186,00 
                                        ",,https://jimms.fi/fi/Product/Show/155217/cm8068403875505/intel-coffee-lake-core-i5-9400-lga1151-2_90-ghz-9mb-tray
Intel,"
 Xeon E5-2687W v4, LGA2011-3, 3GHz, 30MB, Boxed
","2 472,00 
                                        ",,https://jimms.fi/fi/Product/Show/121938/bx80660e52687v4/intel-xeon-e5-2687w-v4-lga2011-3-3ghz-30mb-boxed
Intel,"
 Xeon E5-2640V4, 2,4 GHz, 10-core, Socket 2011-V3, boxed
","1 039,00 
                                        ",,https://jimms.fi/fi/Product/Show/123196/bx80660e52640v4/intel-xeon-e5-2640v4-2_4-ghz-10-core-socket-2011-v3-boxed
Intel,"
 Xeon E3-1245 v5, LGA1151, 3.5GHz, 8MB, Tray
","321,00 
                                        ",,https://jimms.fi/fi/Product/Show/130172/cm8066201934913/intel-xeon-e3-1245-v5-lga1151-3_5ghz-8mb-tray
Intel,"
 Xeon E3-1275 v5, LGA1151, 3.6GHz, 8MB, Tray
","379,00 
                                        ",,https://jimms.fi/fi/Product/Show/130180/cm8066201934909/intel-xeon-e3-1275-v5-lga1151-3_6ghz-8mb-tray
Intel,"
 Xeon E5-4620 v4, LGA2011-v3, 2.1GHz, 25MB, Tray
","1 844,00 
                                        ",,https://jimms.fi/fi/Product/Show/130266/cm8066002883900/intel-xeon-e5-4620-v4-lga2011-v3-2_1ghz-25mb-tray
Intel,"
 Xeon E7-8891 v4, LGA2011-v3, 2.8GHz, 60MB, Tray
","7 560,00 
                                        ",,https://jimms.fi/fi/Product/Show/130285/cm8066902027903/intel-xeon-e7-8891-v4-lga2011-v3-2_8ghz-60mb-tray
Intel,"
 Core i3-9320, LGA1151, 3.7GHz, 8MB, Boxed
","182,00 
                                        ",,https://jimms.fi/fi/Product/Show/151330/bx80684i39320/intel-core-i3-9320-lga1151-3_7ghz-8mb-boxed
Intel,"
 Xeon E3-1240 v5, LGA1151, 3.5GHz, 8MB
","333,00 
                                        ",,https://jimms.fi/fi/Product/Show/116294/bx80662e31240v5/intel-xeon-e3-1240-v5-lga1151-3_5ghz-8mb
Intel,"
 Xeon E5-2650 v4, LGA2011-3, 2.2GHz, 30MB, Boxed
","1 289,00 
                                        ",,https://jimms.fi/fi/Product/Show/122549/bx80660e52650v4/intel-xeon-e5-2650-v4-lga2011-3-2_2ghz-30mb-boxed
Intel,"
 Xeon E5-2609 v4, LGA2011-3, 1.7GHz, 20MB, Boxed
","347,00 
                                        ",,https://jimms.fi/fi/Product/Show/123429/bx80660e52609v4/intel-xeon-e5-2609-v4-lga2011-3-1_7ghz-20mb-boxed
Intel,"
 Xeon E3-1230 v6, LGA1151, 3.5GHz, 8MB, Boxed
","292,00 
                                        ",,https://jimms.fi/fi/Product/Show/128979/bx80677e31230v6/intel-xeon-e3-1230-v6-lga1151-3_5ghz-8mb-boxed
Intel,"
 Xeon E3-1240 v5, LGA1151, 3.5GHz, 8MB, Tray
","307,00 
                                        ",,https://jimms.fi/fi/Product/Show/130170/cm8066201921715/intel-xeon-e3-1240-v5-lga1151-3_5ghz-8mb-tray
Intel,"
 Xeon E5-2640 v4, LGA2011-v3, 2.4GHz, 25MB, Tray
","1 038,00 
                                        ",,https://jimms.fi/fi/Product/Show/130220/cm8066002032701/intel-xeon-e5-2640-v4-lga2011-v3-2_4ghz-25mb-tray
Intel,"
 Xeon E5-2650 v4, LGA2011-v3, 2.2GHz, 30MB, Tray
","1 289,00 
                                        ",,https://jimms.fi/fi/Product/Show/130233/cm8066002031103/intel-xeon-e5-2650-v4-lga2011-v3-2_2ghz-30mb-tray
Intel,"
 Xeon E5-2697 v3, LGA2011-v3, 2.6GHz, 35MB, Tray
","2 987,00 
                                        ",,https://jimms.fi/fi/Product/Show/130254/cm8064401807100/intel-xeon-e5-2697-v3-lga2011-v3-2_6ghz-35mb-tray
Intel,"
 Xeon E5-2699A v4, LGA2011-v3, 2.4GHz, 55MB, Tray
","5 457,00 
                                        ",,https://jimms.fi/fi/Product/Show/130259/cm8066003197800/intel-xeon-e5-2699a-v4-lga2011-v3-2_4ghz-55mb-tray
Intel,"
 Xeon E5-4627 v4, LGA2011-v3, 2.6GHz, 25MB, Tray
","2 459,00 
                                        ",,https://jimms.fi/fi/Product/Show/130268/cm8066002330800/intel-xeon-e5-4627-v4-lga2011-v3-2_6ghz-25mb-tray
Intel,"
 Xeon E5-4640 v3, LGA2011-v3, 1.9GHz, 30MB, Tray
","3 159,00 
                                        ",,https://jimms.fi/fi/Product/Show/130270/cm8064401442601/intel-xeon-e5-4640-v3-lga2011-v3-1_9ghz-30mb-tray
Intel,"
 Xeon E5-4650 v4, LGA2011-v3, 2.2GHz, 35MB, Tray
","4 242,00 
                                        ",,https://jimms.fi/fi/Product/Show/130273/cm8066002028621/intel-xeon-e5-4650-v4-lga2011-v3-2_2ghz-35mb-tray
Intel,"
 Xeon E7-4830 v4, LGA2011-v3, 2.0GHz, 35MB, Tray
","2 398,00 
                                        ",,https://jimms.fi/fi/Product/Show/130278/cm8066902027102/intel-xeon-e7-4830-v4-lga2011-v3-2_0ghz-35mb-tray
Intel,"
 Xeon E7-4850 v4, LGA2011-v3, 2.0GHz, 40MB, Tray
","3 319,00 
                                        ",,https://jimms.fi/fi/Product/Show/130279/cm8066902026904/intel-xeon-e7-4850-v4-lga2011-v3-2_0ghz-40mb-tray
Intel,"
 Core i3-9320, LGA1151, 3.7GHz, 8MB, Tray
","172,00 
                                        ",,https://jimms.fi/fi/Product/Show/151331/cm8068403376914/intel-core-i3-9320-lga1151-3_7ghz-8mb-tray
Intel,"
 Xeon Gold 6142, LGA3647, 2.60 GHz, 22MB, Boxed
","3 262,00 
                                        ",,https://jimms.fi/fi/Product/Show/154672/bx806736142/intel-xeon-gold-6142-lga3647-2_60-ghz-22mb-boxed
Intel,"
 Xeon Gold 5120, LGA3647, 2.20 GHz, 19.25 MB, Boxed
","1 725,00 
                                        ",,https://jimms.fi/fi/Product/Show/154678/bx806735120/intel-xeon-gold-5120-lga3647-2_20-ghz-19_25-mb-boxed
Intel,"
 Xeon Gold 6242, LGA3647, 2.80 GHz, 22MB, Boxed
","2 805,00 
                                        ",,https://jimms.fi/fi/Product/Show/154701/bx806956242/intel-xeon-gold-6242-lga3647-2_80-ghz-22mb-boxed
Intel,"
 Xeon E5-2690 v4, LGA2011-3, 2.6GHz, 35MB, Boxed
","2 315,00 
                                        ",,https://jimms.fi/fi/Product/Show/123433/bx80660e52690v4/intel-xeon-e5-2690-v4-lga2011-3-2_6ghz-35mb-boxed
Intel,"
 Xeon E5-2695 v4, LGA2011-3, 2.1GHz, 45MB, Boxed
","2 683,00 
                                        ",,https://jimms.fi/fi/Product/Show/123434/bx80660e52695v4/intel-xeon-e5-2695-v4-lga2011-3-2_1ghz-45mb-boxed
Intel,"
 Xeon E3-1225 v6, LGA1151, 3.3GHz, 8MB, Tray
","240,00 
                                        ",,https://jimms.fi/fi/Product/Show/130164/cm8067702871024/intel-xeon-e3-1225-v6-lga1151-3_3ghz-8mb-tray
Intel,"
 Xeon E3-1230 v5, LGA1151, 3.4GHz, 8MB, Tray
","283,00 
                                        ",,https://jimms.fi/fi/Product/Show/130165/cm8066201921713/intel-xeon-e3-1230-v5-lga1151-3_4ghz-8mb-tray
Intel,"
 Xeon E3-1235L v5, LGA1151, 2.0GHz, 8MB, Tray
","283,00 
                                        ",,https://jimms.fi/fi/Product/Show/130168/cm8066201935807/intel-xeon-e3-1235l-v5-lga1151-2_0ghz-8mb-tray
Intel,"
 Xeon E3-1260L v5, LGA1151, 2.9GHz, 8MB, Tray
","333,00 
                                        ",,https://jimms.fi/fi/Product/Show/130175/cm8066201921903/intel-xeon-e3-1260l-v5-lga1151-2_9ghz-8mb-tray
Intel,"
 Xeon E3-1270 v5, LGA1151, 3.6GHz, 8MB, Tray
","371,00 
                                        ",,https://jimms.fi/fi/Product/Show/130178/cm8066201921712/intel-xeon-e3-1270-v5-lga1151-3_6ghz-8mb-tray
Intel,"
 Xeon E5-2650L v4, LGA2011-v3, 1.7GHz, 35MB, Tray
","1 470,00 
                                        ",,https://jimms.fi/fi/Product/Show/130229/cm8066002033006/intel-xeon-e5-2650l-v4-lga2011-v3-1_7ghz-35mb-tray
Intel,"
 Xeon E5-2667 v3, LGA2011-v3, 3.2GHz, 20MB, Tray
","2 301,00 
                                        ",,https://jimms.fi/fi/Product/Show/130238/cm8064401724301/intel-xeon-e5-2667-v3-lga2011-v3-3_2ghz-20mb-tray
Intel,"
 Xeon E5-2699R v4, LGA2011-v3, 2.2GHz, 55MB, Tray
","5 040,00 
                                        ",,https://jimms.fi/fi/Product/Show/130260/cm8066003216500/intel-xeon-e5-2699r-v4-lga2011-v3-2_2ghz-55mb-tray
Intel,"
 Xeon E5-4610 v3, LGA2011-v3, 1.7GHz, 25MB, Tray
","1 347,00 
                                        ",,https://jimms.fi/fi/Product/Show/130261/cm8064402018800/intel-xeon-e5-4610-v3-lga2011-v3-1_7ghz-25mb-tray
Intel,"
 Xeon E5-4610 v4, LGA2011-v3, 1.8GHz, 25MB, Tray
","1 347,00 
                                        ",,https://jimms.fi/fi/Product/Show/130262/cm8066002062800/intel-xeon-e5-4610-v4-lga2011-v3-1_8ghz-25mb-tray
Intel,"
 Xeon E5-4627 v3, LGA2011-v3, 2.6GHz, 25MB, Tray
","2 459,00 
                                        ",,https://jimms.fi/fi/Product/Show/130267/cm8064401544203/intel-xeon-e5-4627-v3-lga2011-v3-2_6ghz-25mb-tray
Intel,"
 Xeon E5-4650 v3, LGA2011-v3, 2.1GHz, 30MB, Tray
","4 242,00 
                                        ",,https://jimms.fi/fi/Product/Show/130272/cm8064401441008/intel-xeon-e5-4650-v3-lga2011-v3-2_1ghz-30mb-tray
Intel,"
 Xeon E7-4809 v4, LGA2011-v3, 2.1GHz, 20MB, Tray
","1 352,00 
                                        ",,https://jimms.fi/fi/Product/Show/130275/cm8066902027604/intel-xeon-e7-4809-v4-lga2011-v3-2_1ghz-20mb-tray
Intel,"
 Xeon E7-4820 v4, LGA2011-v3, 2.0GHz, 25MB, Tray
","1 661,00 
                                        ",,https://jimms.fi/fi/Product/Show/130276/cm8066902027500/intel-xeon-e7-4820-v4-lga2011-v3-2_0ghz-25mb-tray
Intel,"
 Xeon E7-8860 v4, LGA2011-v3, 2.2GHz, 45MB, Tray
","4 488,00 
                                        ",,https://jimms.fi/fi/Product/Show/130280/cm8066902325800/intel-xeon-e7-8860-v4-lga2011-v3-2_2ghz-45mb-tray
Intel,"
 Xeon E7-8870 v4, LGA2011-v3, 2.1GHz, 50MB, Tray
","5 163,00 
                                        ",,https://jimms.fi/fi/Product/Show/130282/cm8066902025802/intel-xeon-e7-8870-v4-lga2011-v3-2_1ghz-50mb-tray
Intel,"
 Xeon E7-8880 v4, LGA2011-v3, 2.2GHz, 55MB, Tray
","6 514,00 
                                        ",,https://jimms.fi/fi/Product/Show/130283/cm8066902325500/intel-xeon-e7-8880-v4-lga2011-v3-2_2ghz-55mb-tray
Intel,"
 Xeon Gold 6140, LGA3647, 2.30 GHz, 24.75 MB, Boxed
","2 710,00 
                                        ",,https://jimms.fi/fi/Product/Show/154673/bx806736140/intel-xeon-gold-6140-lga3647-2_30-ghz-24_75-mb-boxed
Intel,"
 Xeon Gold 6240, LGA3647, 2.60 GHz, 24.75 MB, Boxed
","2 710,00 
                                        ",,https://jimms.fi/fi/Product/Show/154702/bx806956240/intel-xeon-gold-6240-lga3647-2_60-ghz-24_75-mb-boxed
Intel,"
 Xeon Gold 5218, LGA3647, 2.30 GHz, 22MB, Boxed
","1 414,00 
                                        ",,https://jimms.fi/fi/Product/Show/154704/bx806955218/intel-xeon-gold-5218-lga3647-2_30-ghz-22mb-boxed
Intel,"
 Xeon Gold 6238, LGA3647, 2.10 GHz, 30.25 MB, Boxed
","2 894,00 
                                        ",,https://jimms.fi/fi/Product/Show/154709/bx806956238/intel-xeon-gold-6238-lga3647-2_10-ghz-30_25-mb-boxed
Intel,"
 Xeon E3-1240L v5, LGA1151, 2.1GHz, 8MB, Tray
","315,00 
                                        ",,https://jimms.fi/fi/Product/Show/130169/cm8066201935808/intel-xeon-e3-1240l-v5-lga1151-2_1ghz-8mb-tray
Intel,"
 Xeon E5-2609 v3, LGA2011-v3, 1.9GHz, 15MB, Tray
","342,00 
                                        ",,https://jimms.fi/fi/Product/Show/130208/cm8064401850800/intel-xeon-e5-2609-v3-lga2011-v3-1_9ghz-15mb-tray
Intel,"
 Xeon E5-2609 v4, LGA2011-v3, 1.7GHz, 20MB, Tray
","342,00 
                                        ",,https://jimms.fi/fi/Product/Show/130209/cm8066002032901/intel-xeon-e5-2609-v4-lga2011-v3-1_7ghz-20mb-tray
Intel,"
 Xeon E5-2687W v4, LGA2011-v3, 3.0GHz, 30MB, Tray
","2 367,00 
                                        ",,https://jimms.fi/fi/Product/Show/130246/cm8066002042802/intel-xeon-e5-2687w-v4-lga2011-v3-3_0ghz-30mb-tray
Intel,"
 Xeon E5-4655 v4, LGA2011-v3, 2.5GHz, 30MB, Tray
","5 101,00 
                                        ",,https://jimms.fi/fi/Product/Show/130274/cm8064402018600/intel-xeon-e5-4655-v4-lga2011-v3-2_5ghz-30mb-tray
Intel,"
 Xeon E7-8867 v4, LGA2011-v3, 2.4GHz, 45MB, Tray
","5 163,00 
                                        ",,https://jimms.fi/fi/Product/Show/130281/cm8066902028403/intel-xeon-e7-8867-v4-lga2011-v3-2_4ghz-45mb-tray
Intel,"
 Xeon Gold 6130, LGA3647, 2.10 GHz, 22MB, Boxed
","2 100,00 
                                        ",,https://jimms.fi/fi/Product/Show/154676/bx806736130/intel-xeon-gold-6130-lga3647-2_10-ghz-22mb-boxed
Intel,"
 Xeon E3-1275 v6, LGA1151, 3.8GHz, 8MB, Tray
","379,00 
                                        ",,https://jimms.fi/fi/Product/Show/130182/cm8067702870931/intel-xeon-e3-1275-v6-lga1151-3_8ghz-8mb-tray
Intel,"
 Xeon E5-2680 v4, LGA2011-v3, 2.4GHz, 35MB, Tray
","1 929,00 
                                        ",,https://jimms.fi/fi/Product/Show/130241/cm8066002031501/intel-xeon-e5-2680-v4-lga2011-v3-2_4ghz-35mb-tray
Intel,"
 Xeon E5-2683 v4, LGA2011-v3, 2.1GHz, 40MB, Tray
","2 041,00 
                                        ",,https://jimms.fi/fi/Product/Show/130243/cm8066002023604/intel-xeon-e5-2683-v4-lga2011-v3-2_1ghz-40mb-tray
Intel,"
 Xeon E5-2695 v4, LGA2011-v3, 2.1GHz, 45MB, Tray
","2 679,00 
                                        ",,https://jimms.fi/fi/Product/Show/130252/cm8066002023801/intel-xeon-e5-2695-v4-lga2011-v3-2_1ghz-45mb-tray
Intel,"
 Xeon E5-2697 v4, LGA2011-v3, 2.3GHz, 45MB, Tray
","2 987,00 
                                        ",,https://jimms.fi/fi/Product/Show/130255/cm8066002023907/intel-xeon-e5-2697-v4-lga2011-v3-2_3ghz-45mb-tray
Intel,"
 Xeon E5-4620 v3, LGA2011-v3, 2.0GHz, 25MB, Tray
","1 844,00 
                                        ",,https://jimms.fi/fi/Product/Show/130264/cm8064401442401/intel-xeon-e5-4620-v3-lga2011-v3-2_0ghz-25mb-tray
Intel,"
 Xeon Gold 6140, LGA3647, 2.3GHz, 24.75MB
","2 735,00 
                                        ",,https://jimms.fi/fi/Product/Show/146396/cd8067303405200/intel-xeon-gold-6140-lga3647-2_3ghz-24_75mb
Intel,"
 Xeon Gold 6138, LGA3647, 2.00 GHz, 27.5 MB, Boxed
","2 894,00 
                                        ",,https://jimms.fi/fi/Product/Show/154674/bx806736138/intel-xeon-gold-6138-lga3647-2_00-ghz-27_5-mb-boxed
Intel,"
 Xeon E5-2660 v4, LGA2011-v3, 2.0GHz, 35MB, Tray
","1 597,00 
                                        ",,https://jimms.fi/fi/Product/Show/130235/cm8066002031201/intel-xeon-e5-2660-v4-lga2011-v3-2_0ghz-35mb-tray
Intel,"
 Xeon E5-4640 v4, LGA2011-v3, 2.1GHz, 30MB, Tray
","3 136,00 
                                        ",,https://jimms.fi/fi/Product/Show/130271/cm8066002061701/intel-xeon-e5-4640-v4-lga2011-v3-2_1ghz-30mb-tray
